ID,Path,FileName
floor_A_Tex,Texture\physics\,floor_A_d.png
earth_Tex,Texture\physics\,earth.png
moon_Tex,Texture\physics\,moon.png
jupiter_Tex,Texture\physics\,jupiter.png
mars_Tex,Texture\physics\,mars.png
mercury_Tex,Texture\physics\,mercury.png
neptune_Tex,Texture\physics\,neptune.png
pluto_Tex,Texture\physics\,pluto.png
uranus_Tex,Texture\physics\,uranus.png
venus_Tex,Texture\physics\,venus.png
box_Tex,Texture\physics\,die_texture.png
pin_Tex,Texture\physics\,pin.jpg
camo_Tex,Texture\physics\,camo.png
